﻿<LibraryDocument xmlns:xsi="http://www.w3.org/2001/XMLSchema-instance" xmlns:xsd="http://www.w3.org/2001/XMLSchema">
  <Properties>
    <Property Name="AUTHORING_SCOPE" Value="ScopeId_D44B480D-58B7-4A9F-8834-6FE6047C4670" />
  </Properties>
  <Contents>
    <Content UniqueId="bb0cca7b-d973-462a-9b4a-342f7d5cda0e" Hash="" Description="RenameUI" RelativePath="RenameUI" FullPath="C:\Users\cmadmin\Documents\Rename Computer_files\RenameUI\" SingleFile="false" StorageType="" FullOwnership="true" OriginalPath="\\TCM01\CM_Source\Apps\RenameUI\" OriginalStorage="" />
  </Contents>
  <EntryObjects>
    <Object Path="SMS_Package.PackageID='TER0000A'" Type="SMS_Package" />
    <Object Path="SMS_TaskSequencePackage.PackageID='TER00009'" Type="SMS_TaskSequencePackage" />
  </EntryObjects>
</LibraryDocument>